School Size,Average Math Score,Average Reading Score,% Passing Math,% Passing Reading,% Overall Passing
Small (<1000),83.82159776,83.92984342,93.5502247,96.09943667,89.88385341
Medium (1000-2000),83.37468377,83.86443832,93.59969459,96.79068,90.62153519
Large (2000-5000),77.74641651,81.34449273,69.96336074,82.76663445,58.28600305
